IQC-CON,X2061_INLINE_LDS_Auto_V20 - All,,,,,,,,,,,,Parametric,,,,,,,,,,,,,,,,,,,,,,,,,,,,,,,,,,,,,,,,,,,,,,,,,,,,,,,,,,,,,,,,,,,,,,,,,,,,,,,,,,,,,,,,,,,,,,,,,,,,,,,,,,,,,,,,,,,,,,,,,,,,,,,,,,,,,,,,,,,,,,,,,,,,,,,,,,,,,,,,,,,,,,,,,,,,,,,,,,,,,,,,,,,,,,,,,,,,,,,,,,,,,,,,,,,,,,,,,,,,,,,,,,,,,,,,,,,,,,,,,,,,,,,,,,,,,,,,,,,,,,,,,,,,,,,,,,,,,,,,,,,,,,,,,,,,,,,,,,,,,,,,,,,,,,,,,,,,,,,,,,,,,,,,,,,,,,,,,,,,,,,,,,,,,,,,,,,,,,,,,,,,,,,,,,,,,
Site,Product,SerialNumber,Special Build Name,Special Build Description,Unit Number,Station ID,Test Pass/Fail Status,StartTime,EndTime,Version,List of Failing Tests,ALERT_CFG,Common ImpedanceTest ADC_DELAY_US,Common ImpedanceTest CABLE_RES,Common ImpedanceTest CABLE_RES_REPORT,Common ImpedanceTest CoilConnection_Check,Common ImpedanceTest DigitalHallOffset-STD,Common ImpedanceTest DigitalHallOffset_Top-STD,Common ImpedanceTest falseFaultTriggered,Common ImpedanceTest HallResistanceP2P_Top_Ohm,Common ImpedanceTest HallResistanceSTD_Top_Ohm,Common ImpedanceTest I2S_Check,Common ImpedanceTest IMON,Common ImpedanceTest powerShutDown,Common ImpedanceTest Resistance_25deg,Common ImpedanceTest SakonnetTemperature,Common ImpedanceTest testError,Common ImpedanceTest testTime,Common ImpedanceTest VMON,Common ReadCalDataFromOTP ARCCal_VER,Common ReadCalDataFromOTP BenderErr,Common ReadCalDataFromOTP OTPPage,Common ReadCalDataFromOTP ReReadOTP,Common ReadCalDataFromOTP testError,Common ReadCalDataFromOTP testTime,Common SN Config0,Common SN Config1,Common SN Config2,Common SN Config3,Common SN Config4,Common SN Config5,Common SN Config6,Common TesterDisable finalTestError,Common TesterDisable testError,Common TesterDisable testTime,Common TesterSetup adc_delay,Common TesterSetup Allston_imon_1v,Common TesterSetup Allston_imon_4v,Common TesterSetup Allston_output_1v,Common TesterSetup Allston_output_4v,Common TesterSetup Allston_vmon_1v,Common TesterSetup Allston_vmon_4v,Common TesterSetup AllstonError,Common TesterSetup BD_AMPID,Common TesterSetup BD_FW_Ver,Common TesterSetup BD_FW_Ver_Check,Common TesterSetup BD_FW_Ver_postfix,Common TesterSetup BD_HWID,Common TesterSetup BD_HWID_Check,Common TesterSetup BD_OTPVER,Common TesterSetup Buck_MaterialVendor,Common TesterSetup Buck_Producer,Common TesterSetup Buck_Projects,Common TesterSetup Buck_SN,Common TesterSetup Buck_Ver,Common TesterSetup BuckInforCheck,Common TesterSetup BuckTemperature,Common TesterSetup CalVersion_Check,Common TesterSetup cli_ver,Common TesterSetup I2C_Check,Common TesterSetup MBD_cyclesCount,Common TesterSetup MBD_humidity,Common TesterSetup MBD_temperature,Common TesterSetup MC_MaterialVendor,Common TesterSetup MC_Producer,Common TesterSetup MC_Projects,Common TesterSetup MC_SN,Common TesterSetup MC_Ver,Common TesterSetup MCInforCheck,Common TesterSetup moduleAttach,Common TesterSetup openBenderBoard,Common TesterSetup pi_ver,Common TesterSetup powerManage,Common TesterSetup SakonnetError,Common TesterSetup SakonnetID,Common TesterSetup SakonnetRev,Common TesterSetup Socket_MaterialVendor,Common TesterSetup Socket_Producer,Common TesterSetup Socket_Projects,Common TesterSetup Socket_SN,Common TesterSetup Socket_Ver,Common TesterSetup SocketInforCheck,Common TesterSetup TempComp_UpdateRate,Common TesterSetup testError,Common TesterSetup TesterSetup,Common TesterSetup testTime,Common TestFlagClear testError,Common TestFlagClear TestTime,Common TestFlagUpdate BenderErr,Common TestFlagUpdate FailCount,Common TestFlagUpdate flagUpdateCheck,Common TestFlagUpdate HistoryQty,Common TestFlagUpdate lastTestStage,Common TestFlagUpdate LDS_Failcount,Common TestFlagUpdate LDS_Passcount,Common TestFlagUpdate LDS_Status,Common TestFlagUpdate MC_CycleTime,Common TestFlagUpdate PassCount,Common TestFlagUpdate retestDwellTime,Common TestFlagUpdate stationDwellTime,Common TestFlagUpdate testError,Common TestFlagUpdate TestTime,Common TestFlagUpdate thisTestStage,Common TestFlagUpdate TotalCount,Common TestFlagUpdate TRAP4_Failcount,Common TestFlagUpdate TRAP4_Passcount,Common TestFlagUpdate TRAP4_Status,Common TestFlagUpdate VMT_Failcount,Common TestFlagUpdate VMT_Passcount,Common TestFlagUpdate VMT_Status,Common TestInfo CatIndex,Common TestTime TotalTestTime,Common WriteCalData BenderErr,Common WriteCalData LUTSpectrum@0,Common WriteCalData LUTSpectrum@1,Common WriteCalData LUTSpectrum@2,Common WriteCalData LUTSpectrum@3,Common WriteCalData LUTSpectrum@4,Common WriteCalData LUTSpectrum@5,Common WriteCalData LUTSpectrum@6,Common WriteCalData LUTSpectrum@7,Common WriteCalData LUTSpectrum@8,Common WriteCalData LUTSpectrum@9,Common WriteCalData LUTSpectrum@10,Common WriteCalData LUTSpectrum@11,Common WriteCalData LUTSpectrum@12,Common WriteCalData LUTSpectrum@13,Common WriteCalData LUTSpectrum@14,Common WriteCalData LUTSpectrum@15,Common WriteCalData LUTSpectrum@16,Common WriteCalData LUTSpectrum@17,Common WriteCalData LUTSpectrum@18,Common WriteCalData LUTSpectrum@19,Common WriteCalData LUTSpectrum@20,Common WriteCalData LUTSpectrum@21,Common WriteCalData LUTSpectrum@22,Common WriteCalData LUTSpectrum@23,Common WriteCalData LUTSpectrum@24,Common WriteCalData LUTSpectrum@25,Common WriteCalData LUTSpectrum@26,Common WriteCalData LUTSpectrum@27,Common WriteCalData LUTSpectrum@28,Common WriteCalData LUTSpectrum@29,Common WriteCalData LUTSpectrum@30,Common WriteCalData LUTSpectrum@31,Common WriteCalData LUTSpectrum@32,Common WriteCalData LUTSpectrum@33,Common WriteCalData LUTSpectrum@34,Common WriteCalData LUTSpectrum@35,Common WriteCalData LUTSpectrum@36,Common WriteCalData LUTSpectrum@37,Common WriteCalData LUTSpectrum@38,Common WriteCalData LUTSpectrum@39,Common WriteCalData LUTSpectrum@40,Common WriteCalData LUTSpectrum@41,Common WriteCalData LUTSpectrum@42,Common WriteCalData LUTSpectrum@43,Common WriteCalData LUTSpectrum@44,Common WriteCalData LUTSpectrum@45,Common WriteCalData LUTSpectrum@46,Common WriteCalData LUTSpectrum@47,Common WriteCalData LUTSpectrum@48,Common WriteCalData LUTSpectrum@49,Common WriteCalData LUTSpectrum@50,Common WriteCalData LUTSpectrum@51,Common WriteCalData LUTSpectrum@52,Common WriteCalData LUTSpectrum@53,Common WriteCalData LUTSpectrum@54,Common WriteCalData LUTSpectrum@55,Common WriteCalData LUTSpectrum@56,Common WriteCalData LUTSpectrum@57,Common WriteCalData LUTSpectrum@58,Common WriteCalData LUTSpectrum@59,Common WriteCalData LUTSpectrum@60,Common WriteCalData LUTSpectrum@61,Common WriteCalData LUTSpectrum@62,Common WriteCalData LUTSpectrum@63,Common WriteCalData LUTSpectrum@64,Common WriteCalData LUTSpectrum@65,Common WriteCalData LUTSpectrum@66,Common WriteCalData LUTSpectrum@67,Common WriteCalData LUTSpectrum@68,Common WriteCalData LUTSpectrum@69,Common WriteCalData LUTSpectrum@70,Common WriteCalData LUTSpectrum@71,Common WriteCalData LUTSpectrum@72,Common WriteCalData LUTSpectrum@73,Common WriteCalData LUTSpectrum@74,Common WriteCalData LUTSpectrum@75,Common WriteCalData LUTSpectrum@76,Common WriteCalData LUTSpectrum@77,Common WriteCalData LUTSpectrum@78,Common WriteCalData LUTSpectrum@79,Common WriteCalData LUTSpectrum@80,Common WriteCalData LUTSpectrum@81,Common WriteCalData LUTSpectrum@82,Common WriteCalData LUTSpectrum@83,Common WriteCalData LUTSpectrum@84,Common WriteCalData LUTSpectrum@85,Common WriteCalData LUTSpectrum@86,Common WriteCalData LUTSpectrum@87,Common WriteCalData LUTSpectrum@88,Common WriteCalData LUTSpectrum@89,Common WriteCalData LUTSpectrum@90,Common WriteCalData LUTSpectrum@91,Common WriteCalData LUTSpectrum@92,Common WriteCalData LUTSpectrum@93,Common WriteCalData LUTSpectrum@94,Common WriteCalData LUTSpectrum@95,Common WriteCalData LUTSpectrum@96,Common WriteCalData LUTSpectrum@97,Common WriteCalData LUTSpectrum@98,Common WriteCalData LUTSpectrum@99,Common WriteCalData LUTSpectrum@100,Common WriteCalData LUTSpectrum@101,Common WriteCalData LUTSpectrum@102,Common WriteCalData LUTSpectrum@103,Common WriteCalData LUTSpectrum@104,Common WriteCalData LUTSpectrum@105,Common WriteCalData LUTSpectrum@106,Common WriteCalData LUTSpectrum@107,Common WriteCalData LUTSpectrum@108,Common WriteCalData LUTSpectrum@109,Common WriteCalData LUTSpectrum@110,Common WriteCalData LUTSpectrum@111,Common WriteCalData LUTSpectrum@112,Common WriteCalData LUTSpectrum@113,Common WriteCalData LUTSpectrum@114,Common WriteCalData LUTSpectrum@115,Common WriteCalData LUTSpectrum@116,Common WriteCalData LUTSpectrum@117,Common WriteCalData LUTSpectrum@118,Common WriteCalData LUTSpectrum@119,Common WriteCalData LUTSpectrum@120,Common WriteCalData LUTSpectrum@121,Common WriteCalData LUTSpectrum@122,Common WriteCalData LUTSpectrum@123,Common WriteCalData LUTSpectrum@124,Common WriteCalData LUTSpectrum@125,Common WriteCalData LUTSpectrum@126,Common WriteCalData LUTSpectrum@127,Common WriteCalData LUTSpectrum@128,Common WriteCalData LUTSpectrum@129,Common WriteCalData LUTSpectrum@130,Common WriteCalData LUTSpectrum@131,Common WriteCalData LUTSpectrum@132,Common WriteCalData LUTSpectrum@133,Common WriteCalData LUTSpectrum@134,Common WriteCalData LUTSpectrum@135,Common WriteCalData LUTSpectrum@136,Common WriteCalData LUTSpectrum@137,Common WriteCalData LUTSpectrum@138,Common WriteCalData LUTSpectrum@139,Common WriteCalData LUTSpectrum@140,Common WriteCalData LUTSpectrum@141,Common WriteCalData LUTSpectrum@142,Common WriteCalData LUTSpectrum@143,Common WriteCalData LUTSpectrum@144,Common WriteCalData LUTSpectrum@145,Common WriteCalData LUTSpectrum@146,Common WriteCalData LUTSpectrum@147,Common WriteCalData LUTSpectrum@148,Common WriteCalData LUTSpectrum@149,Common WriteCalData LUTSpectrum@150,Common WriteCalData LUTSpectrum@151,Common WriteCalData LUTSpectrum@152,Common WriteCalData LUTSpectrum@153,Common WriteCalData LUTSpectrum@154,Common WriteCalData LUTSpectrum@155,Common WriteCalData LUTSpectrum@156,Common WriteCalData LUTSpectrum@157,Common WriteCalData LUTSpectrum@158,Common WriteCalData LUTSpectrum@159,Common WriteCalData LUTSpectrum@160,Common WriteCalData LUTSpectrum@161,Common WriteCalData LUTSpectrum@162,Common WriteCalData LUTSpectrum@163,Common WriteCalData LUTSpectrum@164,Common WriteCalData LUTSpectrum@165,Common WriteCalData LUTSpectrum@166,Common WriteCalData LUTSpectrum@167,Common WriteCalData LUTSpectrum@168,Common WriteCalData LUTSpectrum@169,Common WriteCalData LUTSpectrum@170,Common WriteCalData LUTSpectrum@171,Common WriteCalData LUTSpectrum@172,Common WriteCalData LUTSpectrum@173,Common WriteCalData LUTSpectrum@174,Common WriteCalData LUTSpectrum@175,Common WriteCalData LUTSpectrum@176,Common WriteCalData LUTSpectrum@177,Common WriteCalData LUTSpectrum@178,Common WriteCalData LUTSpectrum@179,Common WriteCalData LUTSpectrum@180,Common WriteCalData LUTSpectrum@181,Common WriteCalData LUTSpectrum@182,Common WriteCalData LUTSpectrum@183,Common WriteCalData LUTSpectrum@184,Common WriteCalData LUTSpectrum@185,Common WriteCalData LUTSpectrum@186,Common WriteCalData LUTSpectrum@187,Common WriteCalData LUTSpectrum@188,Common WriteCalData LUTSpectrum@189,Common WriteCalData LUTSpectrum@190,Common WriteCalData LUTSpectrum@191,Common WriteCalData LUTSpectrum@192,Common WriteCalData LUTSpectrum@193,Common WriteCalData LUTSpectrum@194,Common WriteCalData LUTSpectrum@195,Common WriteCalData LUTSpectrum@196,Common WriteCalData LUTSpectrum@197,Common WriteCalData LUTSpectrum@198,Common WriteCalData LUTSpectrum@199,Common WriteCalData LUTSpectrum@200,Common WriteCalData LUTSpectrum@201,Common WriteCalData LUTSpectrum@202,Common WriteCalData LUTSpectrum@203,Common WriteCalData LUTSpectrum@204,Common WriteCalData LUTSpectrum@205,Common WriteCalData LUTSpectrum@206,Common WriteCalData LUTSpectrum@207,Common WriteCalData LUTSpectrum@208,Common WriteCalData LUTSpectrum@209,Common WriteCalData LUTSpectrum@210,Common WriteCalData LUTSpectrum@211,Common WriteCalData LUTSpectrum@212,Common WriteCalData LUTSpectrum@213,Common WriteCalData LUTSpectrum@214,Common WriteCalData LUTSpectrum@215,Common WriteCalData LUTSpectrum@216,Common WriteCalData LUTSpectrum@217,Common WriteCalData LUTSpectrum@218,Common WriteCalData LUTSpectrum@219,Common WriteCalData LUTSpectrum@220,Common WriteCalData LUTSpectrum@221,Common WriteCalData LUTSpectrum@222,Common WriteCalData LUTSpectrum@223,Common WriteCalData LUTSpectrum@224,Common WriteCalData LUTSpectrum@225,Common WriteCalData LUTSpectrum@226,Common WriteCalData LUTSpectrum@227,Common WriteCalData LUTSpectrum@228,Common WriteCalData LUTSpectrum@229,Common WriteCalData LUTSpectrum@230,Common WriteCalData LUTSpectrum@231,Common WriteCalData LUTSpectrum@232,Common WriteCalData LUTSpectrum@233,Common WriteCalData LUTSpectrum@234,Common WriteCalData LUTSpectrum@235,Common WriteCalData LUTSpectrum@236,Common WriteCalData LUTSpectrum@237,Common WriteCalData LUTSpectrum@238,Common WriteCalData LUTSpectrum@239,Common WriteCalData LUTSpectrum@240,Common WriteCalData LUTSpectrum@241,Common WriteCalData LUTSpectrum@242,Common WriteCalData LUTSpectrum@243,Common WriteCalData LUTSpectrum@244,Common WriteCalData LUTSpectrum@245,Common WriteCalData LUTSpectrum@246,Common WriteCalData LUTSpectrum@247,Common WriteCalData LUTSpectrum@248,Common WriteCalData LUTSpectrum@249,Common WriteCalData LUTSpectrum@250,Common WriteCalData LUTSpectrum@251,Common WriteCalData LUTSpectrum@252,Common WriteCalData LUTSpectrum@253,Common WriteCalData LUTSpectrum@254,Common WriteCalData LUTSpectrum@255,Common WriteCalData testError,Common WriteCalData testTime,Common WriteCalData WriteCheck,HallOffset ImpedanceTest DigitalHallOffset,HallRdc ImpedanceTest hes_res_top,Inductance ImpedanceTest Inductance,Rdc ImpedanceTest Resistance
Display Name ----->,,,,,,,,,,,,,,,,,,,,,,,,,,,,,,,,,,,,,,,,,,,,,,,,,,,,,,,,,,,,,,,,,,,,,,,,,,,,,,,,,,,,,,,,,,,,,,,,,,,,,,,,,,,,,,,,,,,,,,,,,,,,,,,,,,,,,,,,,,,,,,,,,,,,,,,,,,,,,,,,,,,,,,,,,,,,,,,,,,,,,,,,,,,,,,,,,,,,,,,,,,,,,,,,,,,,,,,,,,,,,,,,,,,,,,,,,,,,,,,,,,,,,,,,,,,,,,,,,,,,,,,,,,,,,,,,,,,,,,,,,,,,,,,,,,,,,,,,,,,,,,,,,,,,,,,,,,,,,,,,,,,,,,,,,,,,,,,,,,,,,,,,,,,,,,,,,,,,,,,,,,,,,,,,,,,,,,,,,,,,,,,,,,
PDCA Priority ----->,,,,,,,,,,,,,0,0,0,0,0,0,0,0,0,0,0,0,0,0,0,0,0,0,0,0,0,0,0,3,3,3,3,3,3,3,0,0,0,0,0,0,0,0,0,0,0,0,0,0,0,0,0,0,0,0,0,0,0,0,0,0,0,0,0,0,0,0,0,0,0,0,0,0,0,0,0,0,0,0,0,0,0,0,0,0,0,0,0,0,0,0,0,0,0,0,0,0,0,0,0,0,0,0,0,0,0,0,0,0,0,0,0,0,3,3,0,0,0,0,0,0,0,0,0,0,0,0,0,0,0,0,0,0,0,0,0,0,0,0,0,0,0,0,0,0,0,0,0,0,0,0,0,0,0,0,0,0,0,0,0,0,0,0,0,0,0,0,0,0,0,0,0,0,0,0,0,0,0,0,0,0,0,0,0,0,0,0,0,0,0,0,0,0,0,0,0,0,0,0,0,0,0,0,0,0,0,0,0,0,0,0,0,0,0,0,0,0,0,0,0,0,0,0,0,0,0,0,0,0,0,0,0,0,0,0,0,0,0,0,0,0,0,0,0,0,0,0,0,0,0,0,0,0,0,0,0,0,0,0,0,0,0,0,0,0,0,0,0,0,0,0,0,0,0,0,0,0,0,0,0,0,0,0,0,0,0,0,0,0,0,0,0,0,0,0,0,0,0,0,0,0,0,0,0,0,0,0,0,0,0,0,0,0,0,0,0,0,0,0,0,0,0,0,0,0,0,0,0,0,0,0,0,0,0,0,0,0,0,0,0,0,0,0,0,0,0,0,0,0,0,0,0,0,0,0,0,0,0,0,0,0,0,0,0,0,0,0,0,0,0,0,0,0,0,0,0,0,0,0
Upper Limit ----->,,,,,,,,,,,,,NA,NA,NA,0.5,NA,NA,0.5,NA,NA,0.5,NA,0.5,NA,50,0.5,NA,NA,NA,0.5,NA,NA,0.5,NA,NA,NA,NA,NA,NA,NA,NA,0.5,0.5,NA,NA,NA,NA,NA,NA,NA,NA,0.5,3,NA,NA,NA,NA,NA,NA,NA,NA,NA,NA,NA,0.5,NA,0.5,NA,0.5,NA,NA,NA,NA,NA,NA,NA,NA,0.5,0.5,0.5,NA,NA,0.5,11,NA,NA,NA,NA,NA,NA,0.5,NA,0.5,0.5,NA,0.5,NA,0.5,NA,0.5,NA,NA,NA,NA,NA,NA,NA,NA,NA,0.5,NA,NA,NA,NA,NA,NA,NA,NA,NA,NA,NA,0.5,NA,NA,NA,NA,NA,NA,NA,NA,NA,NA,NA,NA,NA,NA,NA,NA,NA,NA,NA,NA,NA,NA,NA,NA,NA,NA,NA,NA,NA,NA,NA,NA,NA,NA,NA,NA,NA,NA,NA,NA,NA,NA,NA,NA,NA,NA,NA,NA,NA,NA,NA,NA,NA,NA,NA,NA,NA,NA,NA,NA,NA,NA,NA,NA,NA,NA,NA,NA,NA,NA,NA,NA,NA,NA,NA,NA,NA,NA,NA,NA,NA,NA,NA,NA,NA,NA,NA,NA,NA,NA,NA,NA,NA,NA,NA,NA,NA,NA,NA,NA,NA,NA,NA,NA,NA,NA,NA,NA,NA,NA,NA,NA,NA,NA,NA,NA,NA,NA,NA,NA,NA,NA,NA,NA,NA,NA,NA,NA,NA,NA,NA,NA,NA,NA,NA,NA,NA,NA,NA,NA,NA,NA,NA,NA,NA,NA,NA,NA,NA,NA,NA,NA,NA,NA,NA,NA,NA,NA,NA,NA,NA,NA,NA,NA,NA,NA,NA,NA,NA,NA,NA,NA,NA,NA,NA,NA,NA,NA,NA,NA,NA,NA,NA,NA,NA,NA,NA,NA,NA,NA,NA,NA,NA,NA,NA,NA,NA,NA,NA,NA,NA,NA,NA,NA,NA,NA,NA,NA,NA,NA,NA,NA,NA,NA,NA,NA,NA,NA,NA,NA,NA,NA,NA,NA,NA,NA,NA,NA,NA,NA,NA,NA,NA,NA,NA,NA,NA,NA,NA,NA,NA,NA,NA,NA,NA,NA,NA,NA,NA,NA,NA,NA,NA,NA,NA,NA,0.5,NA,0.5,1000,875,1082.312,9.760609358
Lower Limit ----->,,,,,,,,,,,,,NA,NA,NA,NA,NA,NA,NA,NA,NA,NA,NA,NA,NA,0,NA,NA,NA,NA,NA,NA,NA,NA,NA,NA,NA,NA,NA,NA,NA,NA,NA,NA,NA,NA,NA,NA,NA,NA,NA,NA,NA,3,11.029,NA,0,NA,NA,NA,NA,NA,NA,NA,NA,NA,NA,NA,NA,NA,NA,NA,NA,NA,NA,NA,NA,NA,NA,NA,NA,NA,NA,NA,7,2,NA,NA,NA,NA,NA,NA,NA,NA,NA,NA,NA,NA,NA,NA,NA,NA,NA,NA,NA,NA,NA,NA,NA,NA,NA,NA,NA,NA,NA,NA,NA,NA,NA,NA,NA,NA,NA,NA,NA,NA,NA,NA,NA,NA,NA,NA,NA,NA,NA,NA,NA,NA,NA,NA,NA,NA,NA,NA,NA,NA,NA,NA,NA,NA,NA,NA,NA,NA,NA,NA,NA,NA,NA,NA,NA,NA,NA,NA,NA,NA,NA,NA,NA,NA,NA,NA,NA,NA,NA,NA,NA,NA,NA,NA,NA,NA,NA,NA,NA,NA,NA,NA,NA,NA,NA,NA,NA,NA,NA,NA,NA,NA,NA,NA,NA,NA,NA,NA,NA,NA,NA,NA,NA,NA,NA,NA,NA,NA,NA,NA,NA,NA,NA,NA,NA,NA,NA,NA,NA,NA,NA,NA,NA,NA,NA,NA,NA,NA,NA,NA,NA,NA,NA,NA,NA,NA,NA,NA,NA,NA,NA,NA,NA,NA,NA,NA,NA,NA,NA,NA,NA,NA,NA,NA,NA,NA,NA,NA,NA,NA,NA,NA,NA,NA,NA,NA,NA,NA,NA,NA,NA,NA,NA,NA,NA,NA,NA,NA,NA,NA,NA,NA,NA,NA,NA,NA,NA,NA,NA,NA,NA,NA,NA,NA,NA,NA,NA,NA,NA,NA,NA,NA,NA,NA,NA,NA,NA,NA,NA,NA,NA,NA,NA,NA,NA,NA,NA,NA,NA,NA,NA,NA,NA,NA,NA,NA,NA,NA,NA,NA,NA,NA,NA,NA,NA,NA,NA,NA,NA,NA,NA,NA,NA,NA,NA,NA,NA,NA,NA,NA,NA,NA,NA,NA,NA,NA,NA,NA,NA,NA,NA,NA,NA,NA,NA,NA,NA,NA,NA,NA,NA,NA,NA,NA,NA,NA,-1000,625,877.688,8.639390642
Measurement Unit ----->,,,,,,,,,,,,,NA,NA,NA,NA,NA,NA,NA,NA,NA,NA,NA,NA,NA,NA,NA,NA,NA,NA,NA,NA,NA,NA,NA,NA,NA,NA,NA,NA,NA,NA,NA,NA,NA,NA,NA,NA,NA,NA,NA,NA,NA,NA,NA,NA,NA,NA,NA,NA,NA,NA,NA,NA,NA,NA,NA,NA,NA,NA,NA,NA,NA,NA,NA,NA,NA,NA,NA,NA,NA,NA,NA,NA,NA,NA,NA,NA,NA,NA,NA,NA,NA,NA,NA,NA,NA,NA,NA,NA,NA,NA,NA,NA,NA,NA,NA,NA,NA,NA,NA,NA,NA,NA,NA,NA,NA,NA,NA,NA,NA,NA,NA,NA,NA,NA,NA,NA,NA,NA,NA,NA,NA,NA,NA,NA,NA,NA,NA,NA,NA,NA,NA,NA,NA,NA,NA,NA,NA,NA,NA,NA,NA,NA,NA,NA,NA,NA,NA,NA,NA,NA,NA,NA,NA,NA,NA,NA,NA,NA,NA,NA,NA,NA,NA,NA,NA,NA,NA,NA,NA,NA,NA,NA,NA,NA,NA,NA,NA,NA,NA,NA,NA,NA,NA,NA,NA,NA,NA,NA,NA,NA,NA,NA,NA,NA,NA,NA,NA,NA,NA,NA,NA,NA,NA,NA,NA,NA,NA,NA,NA,NA,NA,NA,NA,NA,NA,NA,NA,NA,NA,NA,NA,NA,NA,NA,NA,NA,NA,NA,NA,NA,NA,NA,NA,NA,NA,NA,NA,NA,NA,NA,NA,NA,NA,NA,NA,NA,NA,NA,NA,NA,NA,NA,NA,NA,NA,NA,NA,NA,NA,NA,NA,NA,NA,NA,NA,NA,NA,NA,NA,NA,NA,NA,NA,NA,NA,NA,NA,NA,NA,NA,NA,NA,NA,NA,NA,NA,NA,NA,NA,NA,NA,NA,NA,NA,NA,NA,NA,NA,NA,NA,NA,NA,NA,NA,NA,NA,NA,NA,NA,NA,NA,NA,NA,NA,NA,NA,NA,NA,NA,NA,NA,NA,NA,NA,NA,NA,NA,NA,NA,NA,NA,NA,NA,NA,NA,NA,NA,NA,NA,NA,NA,NA,NA,NA,NA,NA,NA,NA,NA,NA,NA,NA,NA,NA,NA,NA,NA,NA,NA,NA,NA,NA,NA,NA,NA,NA,NA,NA,NA,NA,NA,NA,NA,NA
ACWJ,X2061B,GH71273230B074756+C1B2NK,,,,ACWJ_EP1-5FT-10_2_IQC-CON,PASS,2021-07-04 16:40:59,2021-07-04 16:41:02,X2061_INLINE_LDS_Auto_V20,,+C1B2NK,0.0002,0,-0.0685949,0,0.667223,0.333611,0,0.0350952,0.0161108,0,32.758,0,9.12204,25.7831,0,1.52041,0.3558,0,0,-1,0,0,0.636066,43,67,49,66,50,78,75,0,0,0.0118001,0.272956,1.00809,1.00853,0.991925,0.999066,1.00541,1.00522,0,3,11.04,0,0,2,0,3,34,2,25,8032,0,0,0,0,0,0,0,0,0,255,255,255,4294970000,255,0,0,0,0,1,0,11,2,34,2,25,8032,0,0,40,0,0,0.233914,0,0.0262361,0,0,0,1,0,0,1,2,14848,1,0,0,0,0.168625,0,1,0,0,0,0,0,0,0,2.784160017967224,0,0,0,0,0,0,0,0,0,0,0,0,0,0,0,0,0,0,0,0,0,0,0,0,0,0,0,0,0,0,0,0,0,0,0,0,0,0,0,0,0,0,0,0,0,0,0,0,0,0,0,0,0,0,0,0,0,0,0,0,0,0,0,0,0,0,0,0,0,0,0,0,0,0,0,0,0,0,0,0,0,0,0,0,0,0,0,0,0,0,0,0,0,0,0,0,0,0,0,0,0,0,0,0,0,0,0,0,0,0,0,0,0,0,0,0,0,0,0,0,0,0,0,0,0,0,0,0,0,0,0,0,0,0,0,0,0,0,0,0,0,0,0,0,0,0,0,0,0,0,0,0,0,0,0,0,0,0,0,0,0,0,0,0,0,0,0,0,0,0,0,0,0,0,0,0,0,0,0,0,0,0,0,0,0,0,0,0,0,0,0,0,0,0,0,0,0,0,0,0,0,0,0,0,0,0,0,0,0,0,0,0,0,0,0,0,0,0,0,0,0,0,0,0,0,0,0,0,0,0,0,0,0,0,0,0,0,0,0,0,0,0,0,0,0,0,0,0,0,0,0,0,0,0,0,0,0,0,0.0884089,0,-92.3807,790.272,931.337,9.1507
ACWJ,X2061B,GH71273230C074755+C1B2NK,,,,ACWJ_EP1-5FT-10_4_IQC-CON,PASS,2021-07-04 16:38:00,2021-07-04 16:38:03,X2061_INLINE_LDS_Auto_V20,,+C1B2NK,0.0002,0,-0.0720061,0,1.76996,0.884979,0,0.105286,0.0267579,0,32.759,0,9.16266,24.787,0,1.52099,0.355912,0,0,-1,0,0,0.617388,43,67,49,66,50,78,75,0,0,0.0114249,0.25209,1.00679,1.00745,0.992416,0.995807,1.00691,1.00728,0,3,11.04,0,0,2,0,3,34,2,25,7930,0,0,0,0,0,0,0,0,0,62,1,3,1416,3,0,0,0,0,1,0,11,2,34,2,25,7930,0,0,40,0,0,0.204349,0,0.026352,0,0,0,1,0,0,1,2,45783,1,0,0,0,0.167722,0,1,0,0,0,0,0,0,0,2.7280110120773315,0,0,0,0,0,0,0,0,0,0,0,0,0,0,0,0,0,0,0,0,0,0,0,0,0,0,0,0,0,0,0,0,0,0,0,0,0,0,0,0,0,0,0,0,0,0,0,0,0,0,0,0,0,0,0,0,0,0,0,0,0,0,0,0,0,0,0,0,0,0,0,0,0,0,0,0,0,0,0,0,0,0,0,0,0,0,0,0,0,0,0,0,0,0,0,0,0,0,0,0,0,0,0,0,0,0,0,0,0,0,0,0,0,0,0,0,0,0,0,0,0,0,0,0,0,0,0,0,0,0,0,0,0,0,0,0,0,0,0,0,0,0,0,0,0,0,0,0,0,0,0,0,0,0,0,0,0,0,0,0,0,0,0,0,0,0,0,0,0,0,0,0,0,0,0,0,0,0,0,0,0,0,0,0,0,0,0,0,0,0,0,0,0,0,0,0,0,0,0,0,0,0,0,0,0,0,0,0,0,0,0,0,0,0,0,0,0,0,0,0,0,0,0,0,0,0,0,0,0,0,0,0,0,0,0,0,0,0,0,0,0,0,0,0,0,0,0,0,0,0,0,0,0,0,0,0,0,0,0.0887259,0,196.83,744.574,930.981,9.15486
ACWJ,X2061B,GH71273230D074754+C1B2NK,,,,ACWJ_EP1-5FT-10_2_IQC-CON,PASS,2021-07-04 16:38:00,2021-07-04 16:38:03,X2061_INLINE_LDS_Auto_V20,,+C1B2NK,0.0002,0,-0.0685601,0,1.17944,0.589718,0,0.105225,0.0228694,0,32.6885,0,9.15438,24.4737,0,1.52569,0.355794,0,0,-1,0,0,0.63348,43,67,49,66,50,78,75,0,0,0.0116631,0.272956,1.00809,1.00853,0.991925,0.999066,1.00541,1.00522,0,3,11.04,0,0,2,0,3,34,2,25,6580,0,0,0,0,0,0,0,0,0,255,255,255,4294970000,255,0,0,0,0,1,0,11,2,34,2,25,6580,0,0,40,0,0,0.227143,0,0.0266789,0,0,0,1,0,0,1,2,14844,1,0,0,0,0.1684,0,1,0,0,0,0,0,0,0,2.779313087463379,0,0,0,0,0,0,0,0,0,0,0,0,0,0,0,0,0,0,0,0,0,0,0,0,0,0,0,0,0,0,0,0,0,0,0,0,0,0,0,0,0,0,0,0,0,0,0,0,0,0,0,0,0,0,0,0,0,0,0,0,0,0,0,0,0,0,0,0,0,0,0,0,0,0,0,0,0,0,0,0,0,0,0,0,0,0,0,0,0,0,0,0,0,0,0,0,0,0,0,0,0,0,0,0,0,0,0,0,0,0,0,0,0,0,0,0,0,0,0,0,0,0,0,0,0,0,0,0,0,0,0,0,0,0,0,0,0,0,0,0,0,0,0,0,0,0,0,0,0,0,0,0,0,0,0,0,0,0,0,0,0,0,0,0,0,0,0,0,0,0,0,0,0,0,0,0,0,0,0,0,0,0,0,0,0,0,0,0,0,0,0,0,0,0,0,0,0,0,0,0,0,0,0,0,0,0,0,0,0,0,0,0,0,0,0,0,0,0,0,0,0,0,0,0,0,0,0,0,0,0,0,0,0,0,0,0,0,0,0,0,0,0,0,0,0,0,0,0,0,0,0,0,0,0,0,0,0,0,0.087166,0,103.882,753.088,941.748,9.13515
ACWJ,X2061B,GH71273230E074753+C1B2NK,,,,ACWJ_EP1-5FT-10_7_IQC-CON,PASS,2021-07-04 16:36:42,2021-07-04 16:36:45,X2061_INLINE_LDS_Auto_V20,,+C1B2NK,0.0002,0,-0.0984076,0,0.78107,0.390535,0,0.140259,0.0321464,0,32.9223,0,9.12187,24.0795,0,1.52716,0.356793,0,0,-1,0,0,0.639132,43,67,49,66,50,78,75,0,0,0.011703,0.255268,1.01216,1.01309,0.991743,0.994323,1.00754,1.00775,0,3,11.04,0,0,2,0,1,88,2,25,4652,0,0,0,0,0,0,0,0,0,255,255,255,4294970000,255,0,0,0,0,1,0,11,2,88,2,25,4652,0,0,40,0,0,0.22485,0,0.0263031,0,0,0,1,0,0,1,2,20216,1,0,0,0,0.166325,0,1,0,0,0,0,0,0,0,2.7711269855499268,0,0,0,0,0,0,0,0,0,0,0,0,0,0,0,0,0,0,0,0,0,0,0,0,0,0,0,0,0,0,0,0,0,0,0,0,0,0,0,0,0,0,0,0,0,0,0,0,0,0,0,0,0,0,0,0,0,0,0,0,0,0,0,0,0,0,0,0,0,0,0,0,0,0,0,0,0,0,0,0,0,0,0,0,0,0,0,0,0,0,0,0,0,0,0,0,0,0,0,0,0,0,0,0,0,0,0,0,0,0,0,0,0,0,0,0,0,0,0,0,0,0,0,0,0,0,0,0,0,0,0,0,0,0,0,0,0,0,0,0,0,0,0,0,0,0,0,0,0,0,0,0,0,0,0,0,0,0,0,0,0,0,0,0,0,0,0,0,0,0,0,0,0,0,0,0,0,0,0,0,0,0,0,0,0,0,0,0,0,0,0,0,0,0,0,0,0,0,0,0,0,0,0,0,0,0,0,0,0,0,0,0,0,0,0,0,0,0,0,0,0,0,0,0,0,0,0,0,0,0,0,0,0,0,0,0,0,0,0,0,0,0,0,0,0,0,0,0,0,0,0,0,0,0,0,0,0,0,0.085452,0,119.843,785.088,939.496,9.08841
ACWJ,X2061B,GH71273230F074752+C1B2NK,,,,ACWJ_EP1-5FT-10_4_IQC-CON,PASS,2021-07-04 16:37:03,2021-07-04 16:37:06,X2061_INLINE_LDS_Auto_V20,,+C1B2NK,0.0002,0,-0.0719419,0,1.38072,0.690362,0,0.0701294,0.0191856,0,32.7912,0,9.19969,24.0635,0,1.5218,0.355912,0,0,-1,0,0,0.64064,43,67,49,66,50,78,75,0,0,0.011523,0.25209,1.00679,1.00745,0.992416,0.995807,1.00691,1.00728,0,3,11.04,0,0,2,0,3,88,2,25,3485,0,0,0,0,0,0,0,0,0,62,1,3,1416,3,0,0,0,0,1,0,11,2,88,2,25,3485,0,0,40,0,0,0.22647,0,0.0264349,0,0,0,1,0,0,1,2,45781,1,0,0,0,0.169673,0,1,0,0,0,0,0,0,0,2.777729034423828,0,0,0,0,0,0,0,0,0,0,0,0,0,0,0,0,0,0,0,0,0,0,0,0,0,0,0,0,0,0,0,0,0,0,0,0,0,0,0,0,0,0,0,0,0,0,0,0,0,0,0,0,0,0,0,0,0,0,0,0,0,0,0,0,0,0,0,0,0,0,0,0,0,0,0,0,0,0,0,0,0,0,0,0,0,0,0,0,0,0,0,0,0,0,0,0,0,0,0,0,0,0,0,0,0,0,0,0,0,0,0,0,0,0,0,0,0,0,0,0,0,0,0,0,0,0,0,0,0,0,0,0,0,0,0,0,0,0,0,0,0,0,0,0,0,0,0,0,0,0,0,0,0,0,0,0,0,0,0,0,0,0,0,0,0,0,0,0,0,0,0,0,0,0,0,0,0,0,0,0,0,0,0,0,0,0,0,0,0,0,0,0,0,0,0,0,0,0,0,0,0,0,0,0,0,0,0,0,0,0,0,0,0,0,0,0,0,0,0,0,0,0,0,0,0,0,0,0,0,0,0,0,0,0,0,0,0,0,0,0,0,0,0,0,0,0,0,0,0,0,0,0,0,0,0,0,0,0,0.087899,0,-79.4107,788.663,925.412,9.16536
ACWJ,X2061B,GH71273230G074751+C1B2NK,,,,ACWJ_EP1-5FT-10_2_IQC-CON,PASS,2021-07-04 16:36:42,2021-07-04 16:36:45,X2061_INLINE_LDS_Auto_V20,,+C1B2NK,0.0002,0,-0.0680959,0,0.701063,0.350532,0,0.0701294,0.0187927,0,32.7667,0,9.18298,24.2631,0,1.51972,0.355784,0,0,-1,0,0,0.602935,43,67,49,66,50,78,75,0,0,0.011855,0.272956,1.00809,1.00853,0.991925,0.999066,1.00541,1.00522,0,3,11.04,0,0,2,0,3,34,2,25,8422,0,0,0,0,0,0,0,0,0,255,255,255,4294970000,255,0,0,0,0,1,0,11,2,34,2,25,8422,0,0,40,0,0,0.228393,0,0.0264951,0,0,0,1,0,0,1,2,14840,1,0,0,0,0.168841,0,1,0,0,0,0,0,0,0,2.7457510232925415,0,0,0,0,0,0,0,0,0,0,0,0,0,0,0,0,0,0,0,0,0,0,0,0,0,0,0,0,0,0,0,0,0,0,0,0,0,0,0,0,0,0,0,0,0,0,0,0,0,0,0,0,0,0,0,0,0,0,0,0,0,0,0,0,0,0,0,0,0,0,0,0,0,0,0,0,0,0,0,0,0,0,0,0,0,0,0,0,0,0,0,0,0,0,0,0,0,0,0,0,0,0,0,0,0,0,0,0,0,0,0,0,0,0,0,0,0,0,0,0,0,0,0,0,0,0,0,0,0,0,0,0,0,0,0,0,0,0,0,0,0,0,0,0,0,0,0,0,0,0,0,0,0,0,0,0,0,0,0,0,0,0,0,0,0,0,0,0,0,0,0,0,0,0,0,0,0,0,0,0,0,0,0,0,0,0,0,0,0,0,0,0,0,0,0,0,0,0,0,0,0,0,0,0,0,0,0,0,0,0,0,0,0,0,0,0,0,0,0,0,0,0,0,0,0,0,0,0,0,0,0,0,0,0,0,0,0,0,0,0,0,0,0,0,0,0,0,0,0,0,0,0,0,0,0,0,0,0,0.087921,0,-48.9747,761.073,928.948,9.15599
ACWJ,X2061B,GH71273230H074750+C1B2NK,,,,ACWJ_EP1-5FT-10_2_IQC-CON,PASS,2021-07-04 16:39:03,2021-07-04 16:39:06,X2061_INLINE_LDS_Auto_V20,,+C1B2NK,0.0002,0,-0.06854,0,0.751213,0.375607,0,0.105225,0.0195231,0,32.6758,0,9.16074,25.0161,0,1.52231,0.355793,0,0,-1,0,0,0.631744,43,67,49,66,50,78,75,0,0,0.011687,0.272956,1.00809,1.00853,0.991925,0.999066,1.00541,1.00522,0,3,11.04,0,0,2,0,3,88,2,25,4542,0,0,0,0,0,0,0,0,0,255,255,255,4294970000,255,0,0,0,0,1,0,11,2,88,2,25,4542,0,0,40,0,0,0.227884,0,0.026654,0,0,0,1,0,0,1,2,14847,1,0,0,0,0.168642,0,1,0,0,0,0,0,0,0,2.774803042411804,0,0,0,0,0,0,0,0,0,0,0,0,0,0,0,0,0,0,0,0,0,0,0,0,0,0,0,0,0,0,0,0,0,0,0,0,0,0,0,0,0,0,0,0,0,0,0,0,0,0,0,0,0,0,0,0,0,0,0,0,0,0,0,0,0,0,0,0,0,0,0,0,0,0,0,0,0,0,0,0,0,0,0,0,0,0,0,0,0,0,0,0,0,0,0,0,0,0,0,0,0,0,0,0,0,0,0,0,0,0,0,0,0,0,0,0,0,0,0,0,0,0,0,0,0,0,0,0,0,0,0,0,0,0,0,0,0,0,0,0,0,0,0,0,0,0,0,0,0,0,0,0,0,0,0,0,0,0,0,0,0,0,0,0,0,0,0,0,0,0,0,0,0,0,0,0,0,0,0,0,0,0,0,0,0,0,0,0,0,0,0,0,0,0,0,0,0,0,0,0,0,0,0,0,0,0,0,0,0,0,0,0,0,0,0,0,0,0,0,0,0,0,0,0,0,0,0,0,0,0,0,0,0,0,0,0,0,0,0,0,0,0,0,0,0,0,0,0,0,0,0,0,0,0,0,0,0,0,0.088357,0,-31.7524,786.783,936.597,9.16133
ACWJ,X2061B,GH71273230J07475Z+C1B2NK,,,,ACWJ_EP1-5FT-10_4_IQC-CON,PASS,2021-07-04 16:37:17,2021-07-04 16:37:20,X2061_INLINE_LDS_Auto_V20,,+C1B2NK,0.0002,0,-0.0719277,0,0.987498,0.493749,0,0.105225,0.0222356,0,32.8106,0,9.10141,25.5081,0,1.51896,0.355913,0,0,-1,0,0,0.635437,43,67,49,66,50,78,75,0,0,0.0114601,0.25209,1.00679,1.00745,0.992416,0.995807,1.00691,1.00728,0,3,11.04,0,0,2,0,3,34,2,25,7205,0,0,0,0,0,0,0,0,0,62,1,3,1416,3,0,0,0,0,1,0,11,2,34,2,25,7205,0,0,40,0,0,0.227313,0,0.026605,0,0,0,1,0,0,1,2,45782,1,0,0,0,0.16871,0,1,0,0,0,0,0,0,0,2.7674319744110107,0,0,0,0,0,0,0,0,0,0,0,0,0,0,0,0,0,0,0,0,0,0,0,0,0,0,0,0,0,0,0,0,0,0,0,0,0,0,0,0,0,0,0,0,0,0,0,0,0,0,0,0,0,0,0,0,0,0,0,0,0,0,0,0,0,0,0,0,0,0,0,0,0,0,0,0,0,0,0,0,0,0,0,0,0,0,0,0,0,0,0,0,0,0,0,0,0,0,0,0,0,0,0,0,0,0,0,0,0,0,0,0,0,0,0,0,0,0,0,0,0,0,0,0,0,0,0,0,0,0,0,0,0,0,0,0,0,0,0,0,0,0,0,0,0,0,0,0,0,0,0,0,0,0,0,0,0,0,0,0,0,0,0,0,0,0,0,0,0,0,0,0,0,0,0,0,0,0,0,0,0,0,0,0,0,0,0,0,0,0,0,0,0,0,0,0,0,0,0,0,0,0,0,0,0,0,0,0,0,0,0,0,0,0,0,0,0,0,0,0,0,0,0,0,0,0,0,0,0,0,0,0,0,0,0,0,0,0,0,0,0,0,0,0,0,0,0,0,0,0,0,0,0,0,0,0,0,0,0.087869,0,-8.14768,735.972,934.719,9.11994
ACWJ,X2061B,GH71273230K07475Y+C1B2NK,,,,ACWJ_EP1-5FT-10_2_IQC-CON,PASS,2021-07-04 16:38:19,2021-07-04 16:38:22,X2061_INLINE_LDS_Auto_V20,,+C1B2NK,0.0002,0,-0.0688469,0,0.753703,0.376852,0,0.0350952,0.0165323,0,32.7376,0,9.15359,24.4799,0,1.52043,0.355807,0,0,-1,0,0,0.636414,43,67,49,66,50,78,75,0,0,0.011815,0.272956,1.00809,1.00853,0.991925,0.999066,1.00541,1.00522,0,3,11.04,0,0,2,0,3,88,2,25,6476,0,0,0,0,0,0,0,0,0,255,255,255,4294970000,255,0,0,0,0,1,0,11,2,88,2,25,6476,0,0,40,0,0,0.225723,0,0.026245,0,0,0,1,0,0,1,2,14846,1,0,0,0,0.167638,0,1,0,0,0,0,0,0,0,2.773020029067993,0,0,0,0,0,0,0,0,0,0,0,0,0,0,0,0,0,0,0,0,0,0,0,0,0,0,0,0,0,0,0,0,0,0,0,0,0,0,0,0,0,0,0,0,0,0,0,0,0,0,0,0,0,0,0,0,0,0,0,0,0,0,0,0,0,0,0,0,0,0,0,0,0,0,0,0,0,0,0,0,0,0,0,0,0,0,0,0,0,0,0,0,0,0,0,0,0,0,0,0,0,0,0,0,0,0,0,0,0,0,0,0,0,0,0,0,0,0,0,0,0,0,0,0,0,0,0,0,0,0,0,0,0,0,0,0,0,0,0,0,0,0,0,0,0,0,0,0,0,0,0,0,0,0,0,0,0,0,0,0,0,0,0,0,0,0,0,0,0,0,0,0,0,0,0,0,0,0,0,0,0,0,0,0,0,0,0,0,0,0,0,0,0,0,0,0,0,0,0,0,0,0,0,0,0,0,0,0,0,0,0,0,0,0,0,0,0,0,0,0,0,0,0,0,0,0,0,0,0,0,0,0,0,0,0,0,0,0,0,0,0,0,0,0,0,0,0,0,0,0,0,0,0,0,0,0,0,0,0.0882479,0,0.928186,777.853,937.389,9.13459
ACWJ,X2061B,GH71273230L07475X+C1B2NK,,,,ACWJ_EP1-5FT-10_7_IQC-CON,PASS,2021-07-04 16:38:19,2021-07-04 16:38:22,X2061_INLINE_LDS_Auto_V20,,+C1B2NK,0.0002,0,-0.0988986,0,0.753594,0.376797,0,0.14032,0.0361754,0,32.7925,0,9.13973,24.9816,0,1.51669,0.356796,0,0,-1,0,0,0.610306,43,67,49,66,50,78,75,0,0,0.011746,0.255268,1.01216,1.01309,0.991743,0.994323,1.00754,1.00775,0,3,11.04,0,0,2,0,1,34,2,25,7111,0,0,0,0,0,0,0,0,0,255,255,255,4294970000,255,0,0,0,0,1,0,11,2,34,2,25,7111,0,0,40,0,0,0.229195,0,0.0262431,0,0,0,1,0,0,1,2,20222,1,0,0,0,0.168847,0,1,0,0,0,0,0,0,0,2.7399059534072876,0,0,0,0,0,0,0,0,0,0,0,0,0,0,0,0,0,0,0,0,0,0,0,0,0,0,0,0,0,0,0,0,0,0,0,0,0,0,0,0,0,0,0,0,0,0,0,0,0,0,0,0,0,0,0,0,0,0,0,0,0,0,0,0,0,0,0,0,0,0,0,0,0,0,0,0,0,0,0,0,0,0,0,0,0,0,0,0,0,0,0,0,0,0,0,0,0,0,0,0,0,0,0,0,0,0,0,0,0,0,0,0,0,0,0,0,0,0,0,0,0,0,0,0,0,0,0,0,0,0,0,0,0,0,0,0,0,0,0,0,0,0,0,0,0,0,0,0,0,0,0,0,0,0,0,0,0,0,0,0,0,0,0,0,0,0,0,0,0,0,0,0,0,0,0,0,0,0,0,0,0,0,0,0,0,0,0,0,0,0,0,0,0,0,0,0,0,0,0,0,0,0,0,0,0,0,0,0,0,0,0,0,0,0,0,0,0,0,0,0,0,0,0,0,0,0,0,0,0,0,0,0,0,0,0,0,0,0,0,0,0,0,0,0,0,0,0,0,0,0,0,0,0,0,0,0,0,0,0.088189,0,-5.08129,772.595,939.739,9.13906
ACWJ,X2061B,GH71273230M07475W+C1B2NK,,,,ACWJ_EP1-5FT-10_7_IQC-CON,PASS,2021-07-04 16:37:04,2021-07-04 16:37:06,X2061_INLINE_LDS_Auto_V20,,+C1B2NK,0.0002,0,-0.0976686,0,1.11551,0.557754,0,0.0350952,0.0161119,0,33.2074,0,9.03553,24.5212,0,1.5185,0.356796,0,0,-1,0,0,0.634002,43,67,49,66,50,78,75,0,0,0.011642,0.255268,1.01216,1.01309,0.991743,0.994323,1.00754,1.00775,0,3,11.04,0,0,2,0,1,88,2,25,6196,0,0,0,0,0,0,0,0,0,255,255,255,4294970000,255,0,0,0,0,1,0,11,2,88,2,25,6196,0,0,40,0,0,0.22665,0,0.026692,0,0,0,1,0,0,1,2,20218,1,0,0,0,0.169074,0,1,0,0,0,0,0,0,0,2.761605978012085,0,0,0,0,0,0,0,0,0,0,0,0,0,0,0,0,0,0,0,0,0,0,0,0,0,0,0,0,0,0,0,0,0,0,0,0,0,0,0,0,0,0,0,0,0,0,0,0,0,0,0,0,0,0,0,0,0,0,0,0,0,0,0,0,0,0,0,0,0,0,0,0,0,0,0,0,0,0,0,0,0,0,0,0,0,0,0,0,0,0,0,0,0,0,0,0,0,0,0,0,0,0,0,0,0,0,0,0,0,0,0,0,0,0,0,0,0,0,0,0,0,0,0,0,0,0,0,0,0,0,0,0,0,0,0,0,0,0,0,0,0,0,0,0,0,0,0,0,0,0,0,0,0,0,0,0,0,0,0,0,0,0,0,0,0,0,0,0,0,0,0,0,0,0,0,0,0,0,0,0,0,0,0,0,0,0,0,0,0,0,0,0,0,0,0,0,0,0,0,0,0,0,0,0,0,0,0,0,0,0,0,0,0,0,0,0,0,0,0,0,0,0,0,0,0,0,0,0,0,0,0,0,0,0,0,0,0,0,0,0,0,0,0,0,0,0,0,0,0,0,0,0,0,0,0,0,0,0,0.0879101,0,-36.2344,748.783,929.511,9.01825
ACWJ,X2061B,GH71273230N07475V+C1B2NK,,,,ACWJ_EP1-5FT-10_4_IQC-CON,PASS,2021-07-04 16:39:03,2021-07-04 16:39:06,X2061_INLINE_LDS_Auto_V20,,+C1B2NK,0.0002,0,-0.0710341,0,0.646127,0.323064,0,0.0701294,0.0208365,0,33.1032,0,9.03549,24.7776,0,1.52496,0.355904,0,0,-1,0,0,0.63987,43,67,49,66,50,78,75,0,0,0.011567,0.25209,1.00679,1.00745,0.992416,0.995807,1.00691,1.00728,0,3,11.04,0,0,2,0,3,34,2,25,6865,0,0,0,0,0,0,0,0,0,62,1,3,1416,3,0,0,0,0,1,0,11,2,34,2,25,6865,0,0,40,0,0,0.226287,0,0.0263259,0,0,0,1,0,0,1,2,45786,1,0,0,0,0.165441,0,1,0,0,0,0,0,0,0,2.7845360040664673,0,0,0,0,0,0,0,0,0,0,0,0,0,0,0,0,0,0,0,0,0,0,0,0,0,0,0,0,0,0,0,0,0,0,0,0,0,0,0,0,0,0,0,0,0,0,0,0,0,0,0,0,0,0,0,0,0,0,0,0,0,0,0,0,0,0,0,0,0,0,0,0,0,0,0,0,0,0,0,0,0,0,0,0,0,0,0,0,0,0,0,0,0,0,0,0,0,0,0,0,0,0,0,0,0,0,0,0,0,0,0,0,0,0,0,0,0,0,0,0,0,0,0,0,0,0,0,0,0,0,0,0,0,0,0,0,0,0,0,0,0,0,0,0,0,0,0,0,0,0,0,0,0,0,0,0,0,0,0,0,0,0,0,0,0,0,0,0,0,0,0,0,0,0,0,0,0,0,0,0,0,0,0,0,0,0,0,0,0,0,0,0,0,0,0,0,0,0,0,0,0,0,0,0,0,0,0,0,0,0,0,0,0,0,0,0,0,0,0,0,0,0,0,0,0,0,0,0,0,0,0,0,0,0,0,0,0,0,0,0,0,0,0,0,0,0,0,0,0,0,0,0,0,0,0,0,0,0,0.09497,0,-125.819,781.229,929.403,9.02746
ACWJ,X2061B,GH71273230P07475U+C1B2NK,,,,ACWJ_EP1-5FT-10_7_IQC-CON,PASS,2021-07-04 16:36:55,2021-07-04 16:36:57,X2061_INLINE_LDS_Auto_V20,,+C1B2NK,0.0002,0,-0.0975509,0,0.698567,0.349284,0,0.0350952,0.01392,0,33.2062,0,9.02443,24.6433,0,1.51957,0.356792,0,0,-1,0,0,0.64073,43,67,49,66,50,78,75,0,0,0.0118071,0.255268,1.01216,1.01309,0.991743,0.994323,1.00754,1.00775,0,3,11.04,0,0,2,0,1,34,2,25,7914,0,0,0,0,0,0,0,0,0,255,255,255,4294970000,255,0,0,0,0,1,0,11,2,34,2,25,7914,0,0,40,0,0,0.223305,0,0.026422,0,0,0,1,0,0,1,2,20217,1,0,0,0,0.167886,0,1,0,0,0,0,0,0,0,2.762392044067383,0,0,0,0,0,0,0,0,0,0,0,0,0,0,0,0,0,0,0,0,0,0,0,0,0,0,0,0,0,0,0,0,0,0,0,0,0,0,0,0,0,0,0,0,0,0,0,0,0,0,0,0,0,0,0,0,0,0,0,0,0,0,0,0,0,0,0,0,0,0,0,0,0,0,0,0,0,0,0,0,0,0,0,0,0,0,0,0,0,0,0,0,0,0,0,0,0,0,0,0,0,0,0,0,0,0,0,0,0,0,0,0,0,0,0,0,0,0,0,0,0,0,0,0,0,0,0,0,0,0,0,0,0,0,0,0,0,0,0,0,0,0,0,0,0,0,0,0,0,0,0,0,0,0,0,0,0,0,0,0,0,0,0,0,0,0,0,0,0,0,0,0,0,0,0,0,0,0,0,0,0,0,0,0,0,0,0,0,0,0,0,0,0,0,0,0,0,0,0,0,0,0,0,0,0,0,0,0,0,0,0,0,0,0,0,0,0,0,0,0,0,0,0,0,0,0,0,0,0,0,0,0,0,0,0,0,0,0,0,0,0,0,0,0,0,0,0,0,0,0,0,0,0,0,0,0,0,0,0.087983,0,108.448,752.335,931.363,9.01157
ACWJ,X2061B,GH71273230S07475R+C1B2NK,,,,ACWJ_EP1-5FT-10_2_IQC-CON,PASS,2021-07-04 16:38:10,2021-07-04 16:38:13,X2061_INLINE_LDS_Auto_V20,,+C1B2NK,0.0002,0,-0.0676688,0,1.68089,0.840447,0,0.105225,0.0250328,0,33.1196,0,9.02326,24.7842,0,1.51892,0.355794,0,0,-1,0,0,0.637211,43,67,49,66,50,78,75,0,0,0.011636,0.272956,1.00809,1.00853,0.991925,0.999066,1.00541,1.00522,0,3,11.04,0,0,2,0,3,34,2,25,6954,0,0,0,0,0,0,0,0,0,255,255,255,4294970000,255,0,0,0,0,1,0,11,2,34,2,25,6954,0,0,40,0,0,0.228939,0,0.026459,0,0,0,1,0,0,1,2,14845,1,0,0,0,0.167832,0,1,0,0,0,0,0,0,0,2.7768360376358032,0,0,0,0,0,0,0,0,0,0,0,0,0,0,0,0,0,0,0,0,0,0,0,0,0,0,0,0,0,0,0,0,0,0,0,0,0,0,0,0,0,0,0,0,0,0,0,0,0,0,0,0,0,0,0,0,0,0,0,0,0,0,0,0,0,0,0,0,0,0,0,0,0,0,0,0,0,0,0,0,0,0,0,0,0,0,0,0,0,0,0,0,0,0,0,0,0,0,0,0,0,0,0,0,0,0,0,0,0,0,0,0,0,0,0,0,0,0,0,0,0,0,0,0,0,0,0,0,0,0,0,0,0,0,0,0,0,0,0,0,0,0,0,0,0,0,0,0,0,0,0,0,0,0,0,0,0,0,0,0,0,0,0,0,0,0,0,0,0,0,0,0,0,0,0,0,0,0,0,0,0,0,0,0,0,0,0,0,0,0,0,0,0,0,0,0,0,0,0,0,0,0,0,0,0,0,0,0,0,0,0,0,0,0,0,0,0,0,0,0,0,0,0,0,0,0,0,0,0,0,0,0,0,0,0,0,0,0,0,0,0,0,0,0,0,0,0,0,0,0,0,0,0,0,0,0,0,0,0.087769,0,26.0783,785.919,929.739,9.01548
ACWJ,X2061B,GH71273230T07475Q+C1B2NK,,,,ACWJ_EP1-5FT-10_4_IQC-CON,PASS,2021-07-04 16:38:09,2021-07-04 16:38:12,X2061_INLINE_LDS_Auto_V20,,+C1B2NK,0.0002,0,-0.0719682,0,0.909965,0.454982,0,0,-9999.9,0,32.9949,0,9.04175,25.1324,0,1.51727,0.355928,0,0,-1,0,0,0.639767,43,67,49,66,50,78,75,0,0,0.011735,0.25209,1.00679,1.00745,0.992416,0.995807,1.00691,1.00728,0,3,11.04,0,0,2,0,3,88,2,25,3661,0,0,0,0,0,0,0,0,0,62,1,3,1416,3,0,0,0,0,1,0,11,2,88,2,25,3661,0,0,40,0,0,0.226109,0,0.0262691,0,0,0,1,0,0,1,2,45784,1,0,0,0,0.168437,0,1,0,0,0,0,0,0,0,2.7682279348373413,0,0,0,0,0,0,0,0,0,0,0,0,0,0,0,0,0,0,0,0,0,0,0,0,0,0,0,0,0,0,0,0,0,0,0,0,0,0,0,0,0,0,0,0,0,0,0,0,0,0,0,0,0,0,0,0,0,0,0,0,0,0,0,0,0,0,0,0,0,0,0,0,0,0,0,0,0,0,0,0,0,0,0,0,0,0,0,0,0,0,0,0,0,0,0,0,0,0,0,0,0,0,0,0,0,0,0,0,0,0,0,0,0,0,0,0,0,0,0,0,0,0,0,0,0,0,0,0,0,0,0,0,0,0,0,0,0,0,0,0,0,0,0,0,0,0,0,0,0,0,0,0,0,0,0,0,0,0,0,0,0,0,0,0,0,0,0,0,0,0,0,0,0,0,0,0,0,0,0,0,0,0,0,0,0,0,0,0,0,0,0,0,0,0,0,0,0,0,0,0,0,0,0,0,0,0,0,0,0,0,0,0,0,0,0,0,0,0,0,0,0,0,0,0,0,0,0,0,0,0,0,0,0,0,0,0,0,0,0,0,0,0,0,0,0,0,0,0,0,0,0,0,0,0,0,0,0,0,0.088541,0,136.853,766.917,935.165,9.04654
ACWJ,X2061B,GH71273230U07475P+C1B2NK,,,,ACWJ_EP1-5FT-10_2_IQC-CON,PASS,2021-07-04 16:37:17,2021-07-04 16:37:20,X2061_INLINE_LDS_Auto_V20,,+C1B2NK,0.0002,0,-0.0682875,0,1.64109,0.820547,0,0.105225,0.0306859,0,33.1427,0,9.06098,24.2564,0,1.51953,0.355816,0,0,-1,0,0,0.604399,43,67,49,66,50,78,75,0,0,0.0114961,0.272956,1.00809,1.00853,0.991925,0.999066,1.00541,1.00522,0,3,11.04,0,0,2,0,3,34,2,25,8600,0,0,0,0,0,0,0,0,0,255,255,255,4294970000,255,0,0,0,0,1,0,11,2,34,2,25,8600,0,0,40,0,0,0.229861,0,0.02614,0,0,0,1,0,0,1,2,14843,1,0,0,0,0.168665,0,1,0,0,0,0,0,0,0,2.7479779720306396,0,0,0,0,0,0,0,0,0,0,0,0,0,0,0,0,0,0,0,0,0,0,0,0,0,0,0,0,0,0,0,0,0,0,0,0,0,0,0,0,0,0,0,0,0,0,0,0,0,0,0,0,0,0,0,0,0,0,0,0,0,0,0,0,0,0,0,0,0,0,0,0,0,0,0,0,0,0,0,0,0,0,0,0,0,0,0,0,0,0,0,0,0,0,0,0,0,0,0,0,0,0,0,0,0,0,0,0,0,0,0,0,0,0,0,0,0,0,0,0,0,0,0,0,0,0,0,0,0,0,0,0,0,0,0,0,0,0,0,0,0,0,0,0,0,0,0,0,0,0,0,0,0,0,0,0,0,0,0,0,0,0,0,0,0,0,0,0,0,0,0,0,0,0,0,0,0,0,0,0,0,0,0,0,0,0,0,0,0,0,0,0,0,0,0,0,0,0,0,0,0,0,0,0,0,0,0,0,0,0,0,0,0,0,0,0,0,0,0,0,0,0,0,0,0,0,0,0,0,0,0,0,0,0,0,0,0,0,0,0,0,0,0,0,0,0,0,0,0,0,0,0,0,0,0,0,0,0,0.088441,0,-66.6526,772.948,923.184,9.03411
ACWJ,X2061B,GH71273230V07475N+C1B2NK,,,,ACWJ_EP1-5FT-10_7_IQC-CON,PASS,2021-07-04 16:38:01,2021-07-04 16:38:04,X2061_INLINE_LDS_Auto_V20,,+C1B2NK,0.0002,0,-0.0973841,0,3.18973,1.59487,0,0.105225,0.0247118,0,33.2483,0,9.02328,24.2367,0,1.51731,0.356791,0,0,-1,0,0,0.639897,43,67,49,66,50,78,75,0,0,0.011642,0.255268,1.01216,1.01309,0.991743,0.994323,1.00754,1.00775,0,3,11.04,0,0,2,0,1,88,2,25,3655,0,0,0,0,0,0,0,0,0,255,255,255,4294970000,255,0,0,0,0,1,0,11,2,88,2,25,3655,0,0,40,0,0,0.228007,0,0.026502,0,0,0,1,0,0,1,2,20220,1,0,0,0,0.168893,0,1,0,0,0,0,0,0,0,2.7692819833755493,0,0,0,0,0,0,0,0,0,0,0,0,0,0,0,0,0,0,0,0,0,0,0,0,0,0,0,0,0,0,0,0,0,0,0,0,0,0,0,0,0,0,0,0,0,0,0,0,0,0,0,0,0,0,0,0,0,0,0,0,0,0,0,0,0,0,0,0,0,0,0,0,0,0,0,0,0,0,0,0,0,0,0,0,0,0,0,0,0,0,0,0,0,0,0,0,0,0,0,0,0,0,0,0,0,0,0,0,0,0,0,0,0,0,0,0,0,0,0,0,0,0,0,0,0,0,0,0,0,0,0,0,0,0,0,0,0,0,0,0,0,0,0,0,0,0,0,0,0,0,0,0,0,0,0,0,0,0,0,0,0,0,0,0,0,0,0,0,0,0,0,0,0,0,0,0,0,0,0,0,0,0,0,0,0,0,0,0,0,0,0,0,0,0,0,0,0,0,0,0,0,0,0,0,0,0,0,0,0,0,0,0,0,0,0,0,0,0,0,0,0,0,0,0,0,0,0,0,0,0,0,0,0,0,0,0,0,0,0,0,0,0,0,0,0,0,0,0,0,0,0,0,0,0,0,0,0,0,0.0883479,0,140.132,745.471,931.469,8.99581
ACWJ,X2061B,GH71273230W07475M+C1B2NK,,,,ACWJ_EP1-5FT-10_7_IQC-CON,PASS,2021-07-04 16:37:17,2021-07-04 16:37:20,X2061_INLINE_LDS_Auto_V20,,+C1B2NK,0.0002,0,-0.0981003,0,0.678128,0.339064,0,0.105225,0.0280278,0,32.9142,0,9.13176,24.7447,0,1.52303,0.356782,0,0,-1,0,0,0.637525,43,67,49,66,50,78,75,0,0,0.0117921,0.255268,1.01216,1.01309,0.991743,0.994323,1.00754,1.00775,0,3,11.04,0,0,2,0,1,88,2,25,3410,0,0,0,0,0,0,0,0,0,255,255,255,4294970000,255,0,0,0,0,1,0,11,2,88,2,25,3410,0,0,40,0,0,0.227104,0,0.026466,0,0,0,1,0,0,1,2,20219,1,0,0,0,0.165376,0,1,0,0,0,0,0,0,0,2.76609206199646,0,0,0,0,0,0,0,0,0,0,0,0,0,0,0,0,0,0,0,0,0,0,0,0,0,0,0,0,0,0,0,0,0,0,0,0,0,0,0,0,0,0,0,0,0,0,0,0,0,0,0,0,0,0,0,0,0,0,0,0,0,0,0,0,0,0,0,0,0,0,0,0,0,0,0,0,0,0,0,0,0,0,0,0,0,0,0,0,0,0,0,0,0,0,0,0,0,0,0,0,0,0,0,0,0,0,0,0,0,0,0,0,0,0,0,0,0,0,0,0,0,0,0,0,0,0,0,0,0,0,0,0,0,0,0,0,0,0,0,0,0,0,0,0,0,0,0,0,0,0,0,0,0,0,0,0,0,0,0,0,0,0,0,0,0,0,0,0,0,0,0,0,0,0,0,0,0,0,0,0,0,0,0,0,0,0,0,0,0,0,0,0,0,0,0,0,0,0,0,0,0,0,0,0,0,0,0,0,0,0,0,0,0,0,0,0,0,0,0,0,0,0,0,0,0,0,0,0,0,0,0,0,0,0,0,0,0,0,0,0,0,0,0,0,0,0,0,0,0,0,0,0,0,0,0,0,0,0,0.085582,0,67.4965,725.934,932.181,9.12244
ACWJ,X2061B,GH71273230X07475L+C1B2NK,,,,ACWJ_EP1-5FT-10_4_IQC-CON,PASS,2021-07-04 16:38:19,2021-07-04 16:38:22,X2061_INLINE_LDS_Auto_V20,,+C1B2NK,0.0002,0,-0.0715743,0,0.707047,0.353524,0,0.0350342,0.0160858,0,33.007,0,9.08202,24.0426,0,1.51891,0.355915,0,0,-1,0,0,0.639285,43,67,49,66,50,78,75,0,0,0.011677,0.25209,1.00679,1.00745,0.992416,0.995807,1.00691,1.00728,0,3,11.04,0,0,2,0,3,88,2,25,4616,0,0,0,0,0,0,0,0,0,62,1,3,1416,3,0,0,0,0,1,0,11,2,88,2,25,4616,0,0,40,0,0,0.229585,0,0.026556,0,0,0,1,0,0,1,2,45785,1,0,0,0,0.16896,0,1,0,0,0,0,0,0,0,2.774043917655945,0,0,0,0,0,0,0,0,0,0,0,0,0,0,0,0,0,0,0,0,0,0,0,0,0,0,0,0,0,0,0,0,0,0,0,0,0,0,0,0,0,0,0,0,0,0,0,0,0,0,0,0,0,0,0,0,0,0,0,0,0,0,0,0,0,0,0,0,0,0,0,0,0,0,0,0,0,0,0,0,0,0,0,0,0,0,0,0,0,0,0,0,0,0,0,0,0,0,0,0,0,0,0,0,0,0,0,0,0,0,0,0,0,0,0,0,0,0,0,0,0,0,0,0,0,0,0,0,0,0,0,0,0,0,0,0,0,0,0,0,0,0,0,0,0,0,0,0,0,0,0,0,0,0,0,0,0,0,0,0,0,0,0,0,0,0,0,0,0,0,0,0,0,0,0,0,0,0,0,0,0,0,0,0,0,0,0,0,0,0,0,0,0,0,0,0,0,0,0,0,0,0,0,0,0,0,0,0,0,0,0,0,0,0,0,0,0,0,0,0,0,0,0,0,0,0,0,0,0,0,0,0,0,0,0,0,0,0,0,0,0,0,0,0,0,0,0,0,0,0,0,0,0,0,0,0,0,0,0.088558,0,-248.271,791.113,933.81,9.04737
ACWJ,X2061B,GH71273230Y07475K+C1B2NK,,,,ACWJ_EP1-5FT-10_7_IQC-CON,PASS,2021-07-04 16:39:03,2021-07-04 16:39:06,X2061_INLINE_LDS_Auto_V20,,+C1B2NK,0.0002,0,-0.0975444,0,0.695698,0.347849,0,0.0350342,0.015693,0,33.1572,0,9.02713,24.6839,0,1.517,0.356787,0,0,-1,0,0,0.636621,43,67,49,66,50,78,75,0,0,0.0116999,0.255268,1.01216,1.01309,0.991743,0.994323,1.00754,1.00775,0,3,11.04,0,0,2,0,1,88,2,25,6288,0,0,0,0,0,0,0,0,0,255,255,255,4294970000,255,0,0,0,0,1,0,11,2,88,2,25,6288,0,0,40,0,0,0.225038,0,0.026284,0,0,0,1,0,0,1,2,20223,1,0,0,0,0.168922,0,1,0,0,0,0,0,0,0,2.7634259462356567,0,0,0,0,0,0,0,0,0,0,0,0,0,0,0,0,0,0,0,0,0,0,0,0,0,0,0,0,0,0,0,0,0,0,0,0,0,0,0,0,0,0,0,0,0,0,0,0,0,0,0,0,0,0,0,0,0,0,0,0,0,0,0,0,0,0,0,0,0,0,0,0,0,0,0,0,0,0,0,0,0,0,0,0,0,0,0,0,0,0,0,0,0,0,0,0,0,0,0,0,0,0,0,0,0,0,0,0,0,0,0,0,0,0,0,0,0,0,0,0,0,0,0,0,0,0,0,0,0,0,0,0,0,0,0,0,0,0,0,0,0,0,0,0,0,0,0,0,0,0,0,0,0,0,0,0,0,0,0,0,0,0,0,0,0,0,0,0,0,0,0,0,0,0,0,0,0,0,0,0,0,0,0,0,0,0,0,0,0,0,0,0,0,0,0,0,0,0,0,0,0,0,0,0,0,0,0,0,0,0,0,0,0,0,0,0,0,0,0,0,0,0,0,0,0,0,0,0,0,0,0,0,0,0,0,0,0,0,0,0,0,0,0,0,0,0,0,0,0,0,0,0,0,0,0,0,0,0,0.087598,0,-27.4439,755.101,935.097,9.01573
ACWJ,X2061B,GH71273230Z07475J+C1B2NK,,,,ACWJ_EP1-5FT-10_2_IQC-CON,PASS,2021-07-04 16:37:04,2021-07-04 16:37:06,X2061_INLINE_LDS_Auto_V20,,+C1B2NK,0.0002,0,-0.0680811,0,1.11842,0.559211,0,0.0701294,0.0185394,0,33.0902,0,9.04638,24.7238,0,1.52134,0.355806,0,0,-1,0,0,0.63517,43,67,49,66,50,78,75,0,0,0.011536,0.272956,1.00809,1.00853,0.991925,0.999066,1.00541,1.00522,0,3,11.04,0,0,2,0,3,88,2,25,6114,0,0,0,0,0,0,0,0,0,255,255,255,4294970000,255,0,0,0,0,1,0,11,2,88,2,25,6114,0,0,40,0,0,0.22945,0,0.02666,0,0,0,1,0,0,1,2,14842,1,0,0,0,0.16764,0,1,0,0,0,0,0,0,0,2.7757190465927124,0,0,0,0,0,0,0,0,0,0,0,0,0,0,0,0,0,0,0,0,0,0,0,0,0,0,0,0,0,0,0,0,0,0,0,0,0,0,0,0,0,0,0,0,0,0,0,0,0,0,0,0,0,0,0,0,0,0,0,0,0,0,0,0,0,0,0,0,0,0,0,0,0,0,0,0,0,0,0,0,0,0,0,0,0,0,0,0,0,0,0,0,0,0,0,0,0,0,0,0,0,0,0,0,0,0,0,0,0,0,0,0,0,0,0,0,0,0,0,0,0,0,0,0,0,0,0,0,0,0,0,0,0,0,0,0,0,0,0,0,0,0,0,0,0,0,0,0,0,0,0,0,0,0,0,0,0,0,0,0,0,0,0,0,0,0,0,0,0,0,0,0,0,0,0,0,0,0,0,0,0,0,0,0,0,0,0,0,0,0,0,0,0,0,0,0,0,0,0,0,0,0,0,0,0,0,0,0,0,0,0,0,0,0,0,0,0,0,0,0,0,0,0,0,0,0,0,0,0,0,0,0,0,0,0,0,0,0,0,0,0,0,0,0,0,0,0,0,0,0,0,0,0,0,0,0,0,0,0.088375,0,-131.609,757.882,927.267,9.0364
ACWJ,X2061B,GH71273231007475E+C1B2NK,,,,ACWJ_EP1-5FT-10_2_IQC-CON,PASS,2021-07-04 16:36:55,2021-07-04 16:36:57,X2061_INLINE_LDS_Auto_V20,,+C1B2NK,0.0002,0,-0.0675976,0,0.745071,0.372536,0,0.105225,0.0213527,0,33.0872,0,9.06533,23.7745,0,1.52013,0.35579,0,0,-1,0,0,0.637048,43,67,49,66,50,78,75,0,0,0.011901,0.272956,1.00809,1.00853,0.991925,0.999066,1.00541,1.00522,0,3,11.04,0,0,2,0,3,88,2,25,3204,0,0,0,0,0,0,0,0,0,255,255,255,4294970000,255,0,0,0,0,1,0,11,2,88,2,25,3204,0,0,40,0,0,0.227908,0,0.0265571,0,0,0,1,0,0,1,2,14841,1,0,0,0,0.169432,0,1,0,0,0,0,0,0,0,2.781002998352051,0,0,0,0,0,0,0,0,0,0,0,0,0,0,0,0,0,0,0,0,0,0,0,0,0,0,0,0,0,0,0,0,0,0,0,0,0,0,0,0,0,0,0,0,0,0,0,0,0,0,0,0,0,0,0,0,0,0,0,0,0,0,0,0,0,0,0,0,0,0,0,0,0,0,0,0,0,0,0,0,0,0,0,0,0,0,0,0,0,0,0,0,0,0,0,0,0,0,0,0,0,0,0,0,0,0,0,0,0,0,0,0,0,0,0,0,0,0,0,0,0,0,0,0,0,0,0,0,0,0,0,0,0,0,0,0,0,0,0,0,0,0,0,0,0,0,0,0,0,0,0,0,0,0,0,0,0,0,0,0,0,0,0,0,0,0,0,0,0,0,0,0,0,0,0,0,0,0,0,0,0,0,0,0,0,0,0,0,0,0,0,0,0,0,0,0,0,0,0,0,0,0,0,0,0,0,0,0,0,0,0,0,0,0,0,0,0,0,0,0,0,0,0,0,0,0,0,0,0,0,0,0,0,0,0,0,0,0,0,0,0,0,0,0,0,0,0,0,0,0,0,0,0,0,0,0,0,0,0.088706,0,-10.8565,787.805,931.415,9.02111
ACWJ,X2061B,GH71273231107475D+C1B2NK,,,,ACWJ_EP1-5FT-10_7_IQC-CON,PASS,2021-07-04 16:38:10,2021-07-04 16:38:12,X2061_INLINE_LDS_Auto_V20,,+C1B2NK,0.0002,0,-0.0986772,0,2.1406,1.0703,0,0.0350952,0.0169108,0,32.8372,0,9.16647,24.5529,0,1.51835,0.356793,0,0,-1,0,0,0.615754,43,67,49,66,50,78,75,0,0,0.0115631,0.255268,1.01216,1.01309,0.991743,0.994323,1.00754,1.00775,0,3,11.04,0,0,2,0,1,34,2,25,4035,0,0,0,0,0,0,0,0,0,255,255,255,4294970000,255,0,0,0,0,1,0,11,2,34,2,25,4035,0,0,40,0,0,0.209534,0,0.026518,0,0,0,1,0,0,1,2,20221,1,0,0,0,0.168945,0,1,0,0,0,0,0,0,0,2.7205649614334106,0,0,0,0,0,0,0,0,0,0,0,0,0,0,0,0,0,0,0,0,0,0,0,0,0,0,0,0,0,0,0,0,0,0,0,0,0,0,0,0,0,0,0,0,0,0,0,0,0,0,0,0,0,0,0,0,0,0,0,0,0,0,0,0,0,0,0,0,0,0,0,0,0,0,0,0,0,0,0,0,0,0,0,0,0,0,0,0,0,0,0,0,0,0,0,0,0,0,0,0,0,0,0,0,0,0,0,0,0,0,0,0,0,0,0,0,0,0,0,0,0,0,0,0,0,0,0,0,0,0,0,0,0,0,0,0,0,0,0,0,0,0,0,0,0,0,0,0,0,0,0,0,0,0,0,0,0,0,0,0,0,0,0,0,0,0,0,0,0,0,0,0,0,0,0,0,0,0,0,0,0,0,0,0,0,0,0,0,0,0,0,0,0,0,0,0,0,0,0,0,0,0,0,0,0,0,0,0,0,0,0,0,0,0,0,0,0,0,0,0,0,0,0,0,0,0,0,0,0,0,0,0,0,0,0,0,0,0,0,0,0,0,0,0,0,0,0,0,0,0,0,0,0,0,0,0,0,0,0.0882701,0,-73.0672,789.726,932.465,9.1501
ACWJ,X2061B,GH71273231207475C+C1B2NK,,,,ACWJ_EP1-5FT-10_4_IQC-CON,PASS,2021-07-04 16:36:42,2021-07-04 16:36:45,X2061_INLINE_LDS_Auto_V20,,+C1B2NK,0.0002,0,-0.0719924,0,0.746994,0.373497,0,0.0350952,0.00902536,0,32.7745,0,9.11327,24.8023,0,1.51939,0.355913,0,0,-1,0,0,0.636609,43,67,49,66,50,78,75,0,0,0.0117171,0.25209,1.00679,1.00745,0.992416,0.995807,1.00691,1.00728,0,3,11.04,0,0,2,0,3,34,2,25,7258,0,0,0,0,0,0,0,0,0,62,1,3,1416,3,0,0,0,0,1,0,11,2,34,2,25,7258,0,0,40,0,0,0.22912,0,0.026685,0,0,0,1,0,0,1,2,45779,1,0,0,0,0.169572,0,1,0,0,0,0,0,0,0,2.776518940925598,0,0,0,0,0,0,0,0,0,0,0,0,0,0,0,0,0,0,0,0,0,0,0,0,0,0,0,0,0,0,0,0,0,0,0,0,0,0,0,0,0,0,0,0,0,0,0,0,0,0,0,0,0,0,0,0,0,0,0,0,0,0,0,0,0,0,0,0,0,0,0,0,0,0,0,0,0,0,0,0,0,0,0,0,0,0,0,0,0,0,0,0,0,0,0,0,0,0,0,0,0,0,0,0,0,0,0,0,0,0,0,0,0,0,0,0,0,0,0,0,0,0,0,0,0,0,0,0,0,0,0,0,0,0,0,0,0,0,0,0,0,0,0,0,0,0,0,0,0,0,0,0,0,0,0,0,0,0,0,0,0,0,0,0,0,0,0,0,0,0,0,0,0,0,0,0,0,0,0,0,0,0,0,0,0,0,0,0,0,0,0,0,0,0,0,0,0,0,0,0,0,0,0,0,0,0,0,0,0,0,0,0,0,0,0,0,0,0,0,0,0,0,0,0,0,0,0,0,0,0,0,0,0,0,0,0,0,0,0,0,0,0,0,0,0,0,0,0,0,0,0,0,0,0,0,0,0,0,0.088379,0,-65.6355,768.318,941.686,9.10607
ACWJ,X2061B,GH71273231307475B+C1B2NK,,,,ACWJ_EP1-5FT-10_4_IQC-CON,PASS,2021-07-04 16:36:54,2021-07-04 16:36:57,X2061_INLINE_LDS_Auto_V20,,+C1B2NK,0.0002,0,-0.0724811,0,0.679107,0.339554,0,0.0701904,0.0193329,0,32.7131,0,9.17375,24.0268,0,1.51994,0.355924,0,0,-1,0,0,0.640561,43,67,49,66,50,78,75,0,0,0.011407,0.25209,1.00679,1.00745,0.992416,0.995807,1.00691,1.00728,0,3,11.04,0,0,2,0,3,88,2,25,6229,0,0,0,0,0,0,0,0,0,62,1,3,1416,3,0,0,0,0,1,0,11,2,88,2,25,6229,0,0,40,0,0,0.229447,0,0.0265249,0,0,0,1,0,0,1,2,45780,1,0,0,0,0.169129,0,1,0,0,0,0,0,0,0,2.8459229469299316,0,0,0,0,0,0,0,0,0,0,0,0,0,0,0,0,0,0,0,0,0,0,0,0,0,0,0,0,0,0,0,0,0,0,0,0,0,0,0,0,0,0,0,0,0,0,0,0,0,0,0,0,0,0,0,0,0,0,0,0,0,0,0,0,0,0,0,0,0,0,0,0,0,0,0,0,0,0,0,0,0,0,0,0,0,0,0,0,0,0,0,0,0,0,0,0,0,0,0,0,0,0,0,0,0,0,0,0,0,0,0,0,0,0,0,0,0,0,0,0,0,0,0,0,0,0,0,0,0,0,0,0,0,0,0,0,0,0,0,0,0,0,0,0,0,0,0,0,0,0,0,0,0,0,0,0,0,0,0,0,0,0,0,0,0,0,0,0,0,0,0,0,0,0,0,0,0,0,0,0,0,0,0,0,0,0,0,0,0,0,0,0,0,0,0,0,0,0,0,0,0,0,0,0,0,0,0,0,0,0,0,0,0,0,0,0,0,0,0,0,0,0,0,0,0,0,0,0,0,0,0,0,0,0,0,0,0,0,0,0,0,0,0,0,0,0,0,0,0,0,0,0,0,0,0,0,0,0,0.154369,0,193.871,782.664,939.727,9.13818
